n,e1,e2,nmi,evc_overlap,evc_MAE,deg_kl,diam_rel,cc_rel,mod_rel
5,0.60,0.20,0.22018054435837767,0.74,0.001353660477038116,0.38639588892771803,0.3,0.293324155960368,0.28153726107329313
10,0.60,0.20,0.18653722857406466,0.715,0.001996280427044715,0.40235433735518766,0.3125,0.40310750321049243,0.30672372719729213
15,0.60,0.20,0.19522792223279822,0.6875,0.00306602349473059,0.4081754652608594,0.2875,0.4703393210892196,0.33739056561410136
20,0.60,0.20,0.1931105402120849,0.7350000000000001,0.0022461531304009477,0.39263961040746076,0.2625,0.48748002048868333,0.35501225033571643
25,0.60,0.20,0.18089088104558723,0.73,0.0024226366519111637,0.3969141396148294,0.325,0.4918129916929376,0.3300180508359035
30,0.60,0.20,0.1830078246657252,0.705,0.0046903522100822295,0.419233949509664,0.275,0.4923425043641384,0.3650932839816613
35,0.60,0.20,0.1814862802937899,0.69,0.004252596311203482,0.4948193607561088,0.3125,0.543229124020044,0.3887453713924492
5,0.10,0.20,0.06426527140101218,0.29250000000000004,0.027847612349718977,4.293275481386701,0.2,0.9584468767966955,0.7841264770667955
10,0.10,0.20,0.09390285203220171,0.31999999999999995,0.011779822559245607,1.6876632322349743,0.175,0.8757506852557627,0.7128421278101139
15,0.10,0.20,0.1311085615526831,0.5775,0.011422325307225898,1.1410794547235859,0.19999999999999998,0.7172966675899188,0.5797306022003974
20,0.10,0.20,0.13441892658849747,0.5575,0.00806642889612567,1.0249009459699099,0.125,0.6381283507390607,0.5314970741688442
25,0.10,0.20,0.15760825130159,0.7275,0.004873694521840239,0.7221952578981705,0.2375,0.5384243596542839,0.4511625133523422
30,0.10,0.20,0.15863804536525775,0.7424999999999999,0.005513681075471166,0.5804090975550771,0.16249999999999998,0.5726110018694631,0.4448591152417083
35,0.10,0.20,0.15962490548662872,0.575,0.007608761438929769,0.680517842454001,0.3125,0.5788187980957311,0.44781020257771453
5,0.20,0.60,0.23529833540724693,0.6375,0.0070469963456758974,0.4053357916707795,0.24999999999999994,0.5843402912319371,0.35510944158100416
10,0.20,0.60,0.2610845843512559,0.6875,0.00639310396055767,0.3594368786894825,0.26249999999999996,0.5201036246086754,0.328758167952478
15,0.20,0.60,0.24441463690248896,0.62,0.007587981972716965,0.3362964116761872,0.275,0.5736486715334147,0.3172198061348377
20,0.20,0.60,0.23313155426564278,0.6575,0.008084497329713471,0.345383248787905,0.25,0.5719560387245328,0.320294410672081
25,0.20,0.60,0.2360889843532099,0.6450000000000001,0.010014387514635879,0.32742947812170015,0.3,0.6055651145513672,0.3496009082121559
30,0.20,0.60,0.22920835790772426,0.6675000000000001,0.008486265138837101,0.3519061146693878,0.2,0.5826563433880191,0.3468932514811363
35,0.20,0.60,0.23109878973544423,0.6325000000000001,0.00576230322944533,0.3522776602053793,0.22499999999999995,0.5517986151721425,0.30746440593743013
5,0.10,0.30,0.12982588659297023,0.6849999999999999,0.005718125493438191,2.2892778418532793,0.11249999999999998,0.8128092260871899,0.6477358135944504
10,0.10,0.30,0.13813203810827396,0.5850000000000001,0.009812276688138041,0.936394653240043,0.19999999999999998,0.714773131001033,0.5578412897105229
15,0.10,0.30,0.19448306690239608,0.6900000000000001,0.005595112724086416,0.7262101440794078,0.14999999999999997,0.5689211627141816,0.4118160296937807
20,0.10,0.30,0.1924650613808155,0.6575,0.0062921770378491755,0.5736573360171107,0.2125,0.5387471083837382,0.3730331340972683
25,0.10,0.30,0.1886215999645784,0.6875000000000001,0.007263602520607297,0.45556330542213647,0.18749999999999997,0.5290930509471246,0.41798306524392287
30,0.10,0.30,0.1934151926965104,0.7375,0.007185526677887137,0.49106568833679376,0.2125,0.532160548440433,0.392131580818861
35,0.10,0.30,0.18652675088501716,0.7175,0.006808040014911856,0.4052807371693696,0.2625,0.5122108766835997,0.38963754212786295
5,0.60,0.30,0.25810390118386634,0.6375,0.0020305611037395527,0.3779617859398686,0.275,0.3116086894678603,0.24048105059887606
10,0.60,0.30,0.22836101569636016,0.645,0.0027939704306472616,0.3701655902527562,0.22499999999999995,0.3964787094595463,0.2493641887692367
15,0.60,0.30,0.21316097272284593,0.6224999999999999,0.003461156978743546,0.3713480625434767,0.26249999999999996,0.46804578011699294,0.29058683573964783
20,0.60,0.30,0.2126777968277087,0.5850000000000001,0.00380034958214576,0.3886001158469233,0.275,0.5232845682085152,0.29403857343630185
25,0.60,0.30,0.2157037291365957,0.6399999999999999,0.0036300673626463555,0.4006526410648347,0.25,0.5025732616707659,0.3192338628700921
30,0.60,0.30,0.21578119325585296,0.6699999999999999,0.0035255027076491786,0.3881296763184796,0.2625,0.4951849598385915,0.3009658598496676
35,0.60,0.30,0.2188518612787064,0.6499999999999999,0.00688307638099246,0.38879205032080877,0.22499999999999995,0.5679843671667067,0.36261347719886516
5,0.20,0.70,0.24812388972894314,0.55,0.008771123985590972,0.38852249794768784,0.3,0.5805058797422145,0.3861062037408718
10,0.20,0.70,0.22797647583169917,0.5650000000000001,0.013125732863519595,0.37074620714580864,0.2875,0.6231461671730081,0.38725172997618557
15,0.20,0.70,0.23763963150683556,0.6199999999999999,0.006640083712346333,0.3287605388189272,0.2625,0.6031815874273355,0.32100800281680425
20,0.20,0.70,0.2529913423474611,0.5800000000000001,0.003957605970456882,0.36288431817796934,0.225,0.5264395773463343,0.2985903346896337
25,0.20,0.70,0.23110331176470417,0.605,0.01046992101507416,0.3695729828606854,0.21249999999999997,0.6421279450312696,0.35538562588909695
30,0.20,0.70,0.24036849040218308,0.64,0.00504528693495,0.3838956025315706,0.2125,0.5523741051108896,0.318762809403374
35,0.20,0.70,0.24220913453244516,0.5650000000000001,0.011064956491866413,0.3654331532144486,0.275,0.6256664305252998,0.36485470628073025
5,0.70,0.20,0.2324649872156582,0.6700000000000002,0.0023915522615207047,0.4228656438213922,0.3,0.29052541154226325,0.26414996009909364
10,0.70,0.20,0.21202821011806589,0.635,0.002875996848876832,0.4194835910978824,0.2875,0.4121447841313107,0.2936527326861884
15,0.70,0.20,0.20386196397900394,0.6125,0.0026641922774979657,0.4225520372843298,0.2875,0.4397210336202374,0.2904082124059054
20,0.70,0.20,0.20393152361630315,0.6675000000000001,0.004989746768607327,0.4076924462068773,0.3375,0.4999911973719907,0.3365522080238266
25,0.70,0.20,0.2073702909864354,0.6425,0.004390952579193114,0.4427344525308,0.3,0.5166514885939029,0.3265907716329313
30,0.70,0.20,0.20028905231311683,0.6475000000000001,0.004445825793292929,0.45928446676965373,0.27499999999999997,0.5158326720700235,0.34293244469726525
35,0.70,0.20,0.19362855946420837,0.6175,0.005451356236770455,0.4397210813273523,0.3,0.55450918392872,0.38040742493925184
5,0.30,0.60,0.259291933369999,0.6125,0.005701517459095251,0.3674289139358026,0.3125,0.5453173753171755,0.314978512459395
10,0.30,0.60,0.2536460255023151,0.6425,0.0054373059642162155,0.35675551127489114,0.25,0.5341019304847733,0.2950655567497553
15,0.30,0.60,0.24061500690346346,0.6775,0.0034032536704306135,0.38429714602803705,0.2375,0.5564475231131787,0.2817342018854661
20,0.30,0.60,0.23463722692595296,0.5575,0.0056944095636619115,0.35900398540403666,0.175,0.599245101192259,0.2848142336521738
25,0.30,0.60,0.24410324837464703,0.61,0.008613870922780403,0.3581258960270267,0.25,0.6029163853906638,0.3082377945823231
30,0.30,0.60,0.23274115343192534,0.545,0.009520189811770035,0.3901900205791826,0.225,0.653779580799984,0.33360223540704526
35,0.30,0.60,0.2354743543895709,0.64,0.0060218080244450346,0.36376702633325714,0.22499999999999995,0.5594783431173721,0.31204342975242283
5,0.20,0.50,0.21662455031328554,0.7175,0.004956357465207949,0.5657287527435806,0.2125,0.6248396488129293,0.42784969228384506
10,0.20,0.50,0.25294176642836014,0.7300000000000001,0.004222430611080393,0.43582272515599507,0.18749999999999997,0.4981255988963486,0.3399874490956854
15,0.20,0.50,0.2459437735111059,0.7325000000000002,0.005380246348565428,0.34396697516003627,0.2875,0.5341627631878259,0.3109255140461429
20,0.20,0.50,0.2305964836756506,0.72,0.00404506715154819,0.3249747748847067,0.18749999999999997,0.48692227819489114,0.3028065439060562
25,0.20,0.50,0.2082305123827289,0.7275,0.004720092267141768,0.33373178902900225,0.3,0.5262268120978071,0.3012386026273145
30,0.20,0.50,0.23235473823969835,0.5900000000000001,0.007467468846725024,0.35866368989208547,0.225,0.5897161751104947,0.3556062182830245
35,0.20,0.50,0.21182992625108774,0.63,0.00969234486876001,0.32235218541780336,0.2875,0.6016126553110467,0.3557755205419212
5,0.10,0.10,0.0484505764231765,0.05500000000000001,0.03247309055243654,6.697529339827983,0.19999999999999998,0.988440870510167,0.8332407623555014
10,0.10,0.10,0.05435453864313313,0.08499999999999999,0.03585932646488485,4.578993159517994,0.14999999999999997,0.980525472978105,0.801747648984235
15,0.10,0.10,0.05980208267599424,0.2825,0.027574848813809748,2.6822903468580566,0.21249999999999997,0.9519895755252428,0.7532480436186558
20,0.10,0.10,0.06967213935585628,0.32749999999999996,0.025526430537235033,2.4594448417490833,0.1875,0.9255319926509425,0.7243512635458116
25,0.10,0.10,0.0809907798502648,0.49749999999999994,0.015290414620890147,1.7667435480846692,0.16249999999999998,0.7954961928296201,0.651482656614075
30,0.10,0.10,0.07889156957901992,0.47000000000000003,0.016117029326089903,2.1600101498224844,0.13749999999999998,0.838861001511674,0.6532423131923234
35,0.10,0.10,0.10731562693184296,0.67,0.006645983114321408,1.3471685517190397,0.2125,0.6869789463263329,0.5615814274839654
5,0.60,0.10,0.19181136025522486,0.76,0.0012262191644084185,0.6280123832529514,0.3375,0.32686219256688875,0.3578230442396241
10,0.60,0.10,0.15054688873303573,0.7449999999999999,0.0017557274849591888,0.6480304499511161,0.3375,0.40893315925739604,0.35229543455486273
15,0.60,0.10,0.14942544974865876,0.7550000000000001,0.002165186084341331,0.5511605762930761,0.2875,0.4657474505165468,0.38386424152891807
20,0.60,0.10,0.14916042564387488,0.7424999999999999,0.002439207112418933,0.5990731083740185,0.3125,0.45951073656990654,0.3884919622373742
25,0.60,0.10,0.1379998330192366,0.76,0.0025369058268137935,0.6695814752911179,0.325,0.4615887548014415,0.3977820102513992
30,0.60,0.10,0.13287697256647102,0.7074999999999999,0.00336195575288136,0.5750311044138742,0.225,0.507897195621092,0.40420081396028423
35,0.60,0.10,0.1403733205134916,0.67,0.004710456814410392,0.71605742041064,0.3,0.5812363766165168,0.4161875844818435
5,0.10,0.80,0.26908273495339424,0.635,0.005094209550897172,0.4461658631501607,0.2625,0.6086412353538353,0.32810951471848926
10,0.10,0.80,0.2518889799088484,0.6124999999999999,0.008265706268420141,0.39668460979179837,0.2875,0.5568084898228396,0.30864902094616353
15,0.10,0.80,0.24680918815182057,0.595,0.010146856958946555,0.3767156795240009,0.25,0.6127733712086295,0.35522106153704514
20,0.10,0.80,0.26743075246286335,0.5774999999999999,0.00878555243785779,0.38664876041568064,0.23749999999999996,0.5422713441642268,0.31893364700560367
25,0.10,0.80,0.2533291070112823,0.5674999999999999,0.010731666431173662,0.36112647147746363,0.225,0.6303379747311506,0.37574334474475074
30,0.10,0.80,0.2566569743149003,0.5075,0.004656401268603286,0.37217713103089234,0.3125,0.5616122952219794,0.279754323868351
35,0.10,0.80,0.2283413197126003,0.605,0.00600094029761291,0.3468938628164591,0.3375,0.5929388432366147,0.3323155716022636
5,0.40,0.40,0.2492427596638997,0.71,0.0034644682157941946,0.38028471887114984,0.375,0.44252315322735064,0.23899503721551957
10,0.40,0.40,0.24168548136491283,0.7375,0.0031879597793434793,0.3294909291136799,0.25,0.4293424385384982,0.25021640637999365
15,0.40,0.40,0.21200300575659298,0.7025,0.005833484649081178,0.3209223061117473,0.2875,0.5600030479769232,0.2973925607862436
20,0.40,0.40,0.20628817179364872,0.7,0.003329635112862598,0.34261518116495826,0.3,0.5422456566430394,0.305943007283236
25,0.40,0.40,0.22186093805971283,0.6674999999999999,0.007656068091869606,0.3486788434632194,0.27499999999999997,0.5950947031906388,0.3335907821542761
30,0.40,0.40,0.20957779459284737,0.62,0.005232821234224154,0.3972902287338582,0.19999999999999998,0.5774602428226848,0.3225714394929903
35,0.40,0.40,0.20916799858213103,0.625,0.010820347942384862,0.3914624214810544,0.19999999999999998,0.6057178460906643,0.4109143662424005
5,0.30,0.40,0.22417456000948816,0.7250000000000001,0.004600596325550427,0.5646157858628407,0.25,0.5641179045988958,0.4005026405136933
10,0.30,0.40,0.24575823104648156,0.745,0.0025622390632519003,0.336424691332454,0.3375,0.45710446119381387,0.26398182670207954
15,0.30,0.40,0.21337025743310659,0.7075,0.004676193626949878,0.35052264436406677,0.275,0.5093345893818896,0.2956395922443795
20,0.30,0.40,0.20575179623768172,0.6824999999999999,0.0075169099986162665,0.36172811373825037,0.2375,0.5894787347777918,0.3268175717865778
25,0.30,0.40,0.20714240829017436,0.7,0.006711161522466859,0.3398374968220196,0.2625,0.5443052868891265,0.32394511719291785
30,0.30,0.40,0.20646339668944305,0.6300000000000001,0.007545964771523005,0.36808204081081225,0.22499999999999995,0.6065187464595281,0.36513864620980463
35,0.30,0.40,0.20292460692016495,0.6625,0.008624093260628574,0.36277724774807446,0.3125,0.5574508265246616,0.3495234982985786
5,0.30,0.50,0.2512058010124565,0.65,0.005044124737116069,0.43757286527962586,0.22499999999999995,0.5247290064051109,0.3599826071196536
10,0.30,0.50,0.2215513530096635,0.6925,0.006326647863011412,0.34042130266621806,0.2125,0.5411241632606159,0.3301393880145748
15,0.30,0.50,0.2351323132961681,0.71,0.003274518309550268,0.3664454260117408,0.19999999999999998,0.5041903131985987,0.2846688560433639
20,0.30,0.50,0.23474018817428094,0.6900000000000001,0.006698373560130135,0.33569676491758516,0.275,0.5599495841442018,0.301921288947163
25,0.30,0.50,0.23756411863979573,0.6724999999999999,0.006577337632248795,0.35632300935400546,0.22499999999999995,0.5253779662115132,0.3076254590583606
30,0.30,0.50,0.2357841107975282,0.6625,0.005852345006420015,0.36050919781785706,0.15,0.5896442822248779,0.3328896544435497
35,0.30,0.50,0.2217820708885922,0.705,0.004093882305416101,0.35505800919499764,0.22499999999999995,0.5233550239765032,0.3168013637266822
5,0.40,0.50,0.2654509117899701,0.6674999999999999,0.0028061074525148532,0.3505175083949429,0.275,0.3956343835786766,0.24921100997320492
10,0.40,0.50,0.23994875529445275,0.655,0.0029401664904360842,0.3480702678101685,0.19999999999999998,0.4734540838749739,0.26096749285271115
15,0.40,0.50,0.2384167417053309,0.6325000000000001,0.0059584125638558316,0.3658534613676912,0.14999999999999997,0.5625457302567933,0.316679536359584
20,0.40,0.50,0.2336201914683304,0.51,0.004809333532803868,0.384534794985666,0.175,0.5163327827252024,0.27095341107979576
25,0.40,0.50,0.23045418968709255,0.6174999999999999,0.0063790014008805575,0.3870085649997407,0.22499999999999995,0.5782910713168703,0.3023674199769737
30,0.40,0.50,0.23279875057300065,0.615,0.008477067558164623,0.38010861139304997,0.2875,0.6036635452992856,0.34729716181292514
35,0.40,0.50,0.23785630267263094,0.6425,0.003969338448999101,0.38991815749999437,0.175,0.4787347081603632,0.26096727615351367
5,0.70,0.10,0.17939615860207578,0.765,0.0016248350600521332,0.4790411982540258,0.325,0.33340547652801983,0.3657300305722223
10,0.70,0.10,0.15923712009267357,0.7224999999999999,0.0022189865486952373,0.5628181603952416,0.27499999999999997,0.42589546556149516,0.37484141851902386
15,0.70,0.10,0.16131290050356376,0.715,0.0021467193671280945,0.5794992077990425,0.275,0.44241427490408036,0.3772294563665598
20,0.70,0.10,0.1514488806307328,0.72,0.002259585423194806,0.6629887256656011,0.325,0.4523818257059832,0.3667016018656044
25,0.70,0.10,0.15661150054553125,0.7175,0.0031340367687719773,0.746290037488697,0.3,0.5226583312810626,0.40676376883451004
30,0.70,0.10,0.15769817615735296,0.5549999999999999,0.00566336035840587,0.7408399193484986,0.275,0.5534747468298736,0.43425170745020586
35,0.70,0.10,0.15160089063657725,0.55,0.005308571165547223,0.8381761718882401,0.2875,0.5821578633884255,0.42374353728753505
5,0.20,0.40,0.1762441446658657,0.5700000000000001,0.010594578284615873,0.7754087729579042,0.16249999999999998,0.7039494097105096,0.4911334424004387
10,0.20,0.40,0.23033453191879483,0.6675,0.005744624940797649,0.4236132454411661,0.19999999999999998,0.558098816030386,0.4108896316456545
15,0.20,0.40,0.21394722440435648,0.72,0.0049913705110390515,0.3439808544343589,0.3,0.5027743392562777,0.31109627061727674
20,0.20,0.40,0.21249319643478093,0.6799999999999999,0.009790655468973865,0.3355641065454123,0.2875,0.5803078132777044,0.3352513253026465
25,0.20,0.40,0.21685619990483174,0.7424999999999999,0.005371880875690755,0.35898443587418394,0.22499999999999995,0.5017768531458733,0.3527677761666922
30,0.20,0.40,0.19140504139706652,0.6199999999999999,0.011416443304068246,0.34671000070393515,0.275,0.6240996058450716,0.3813632097188703
35,0.20,0.40,0.20274115417817348,0.6325,0.007439882745721158,0.3253555568598324,0.25,0.5682587315231469,0.3502783046630188
5,0.50,0.40,0.2571471874968364,0.6649999999999999,0.002812422282480123,0.36736642799041375,0.3,0.41453087689560253,0.2634558020390817
10,0.50,0.40,0.24674122604309004,0.6675000000000001,0.00322540537951783,0.38004819210800345,0.175,0.41180266543564426,0.2338541764241044
15,0.50,0.40,0.23178044466391814,0.6300000000000001,0.004258546762936687,0.37220584137945706,0.21249999999999997,0.52323234470216,0.27619623508688135
20,0.50,0.40,0.23206950852438255,0.6475000000000001,0.003967318495464252,0.385371836953656,0.22499999999999995,0.5184988052340249,0.2822920538263563
25,0.50,0.40,0.22167446533842233,0.575,0.006333964504053931,0.4118884797645454,0.225,0.5629772034413301,0.33229673466419124
30,0.50,0.40,0.22958596178113208,0.5799999999999998,0.005979438545929752,0.36776399305159335,0.26249999999999996,0.5924731132860253,0.33794397933115833
35,0.50,0.40,0.2162368976147467,0.59,0.009220443399967642,0.3959401572217766,0.24999999999999994,0.637362708256548,0.3877258432302685
5,0.20,0.10,0.05092479054921277,0.07500000000000001,0.03406669324174992,6.3379576850855655,0.13749999999999998,0.9867715912239807,0.8244089807234326
10,0.20,0.10,0.09780527937356329,0.6449999999999999,0.009999067945903382,2.5244816177295393,0.12499999999999997,0.7033121103985491,0.6564241857504383
15,0.20,0.10,0.12008348503353379,0.785,0.0027094218533859514,1.018759064006343,0.275,0.5097846103644319,0.4874253380326127
20,0.20,0.10,0.1273757066878217,0.7450000000000001,0.0034717512193369964,0.7709288172948736,0.2125,0.4964793723758518,0.4648704643002392
25,0.20,0.10,0.13249801261876792,0.7725000000000001,0.002511977870419728,0.8301999090505834,0.16249999999999998,0.5218165115425553,0.47385464057508964
30,0.20,0.10,0.12358489870158747,0.71,0.005399984148269284,0.8919403391082026,0.19999999999999998,0.58942552093956,0.4670215648812164
35,0.20,0.10,0.12786264474839829,0.5174999999999998,0.007265624583830668,1.0541354049234737,0.16249999999999998,0.6333814669106287,0.49745531633533835
5,0.50,0.10,0.16917921253028775,0.78,0.0010880677503285895,0.5124701680600333,0.225,0.36026540456771167,0.40059372423375617
10,0.50,0.10,0.14281097933813602,0.76,0.0018468085395105843,0.5632567109289849,0.3375,0.38828555059801595,0.3610943407896811
15,0.50,0.10,0.1412563941809339,0.7700000000000001,0.002206921468230365,0.5995311197401323,0.3125,0.42073529182835323,0.36701612756991564
20,0.50,0.10,0.13870223629442663,0.7474999999999999,0.0023831470665101754,0.7009306938098472,0.2875,0.4863321405962199,0.39357302534094535
25,0.50,0.10,0.13090065739243717,0.7625000000000001,0.0027159098382060964,0.6394424048014697,0.3,0.5321537672356254,0.40064657478557464
30,0.50,0.10,0.1376745791968475,0.76,0.0035352143817241827,0.6865812162436546,0.3125,0.5145748184635369,0.4066254131480086
35,0.50,0.10,0.11984300751383084,0.7225,0.004647846209235347,0.8922676153382387,0.2375,0.5770854322484582,0.44720725937217676
5,0.10,0.50,0.21070554405733888,0.7050000000000001,0.007850934281293461,0.6543883935044013,0.18749999999999997,0.6753350660295454,0.460836456659307
10,0.10,0.50,0.22537551762077665,0.7099999999999999,0.0052849816817502745,0.45963944772139165,0.2625,0.5752452019154093,0.35535612028109725
15,0.10,0.50,0.2364221657695686,0.7325,0.00537068528961155,0.5015917965922214,0.2375,0.5188939661068782,0.34112674840650925
20,0.10,0.50,0.21274674641553276,0.7075,0.00744497213664218,0.40925625401813104,0.25,0.5290724400938778,0.37633745794082835
25,0.10,0.50,0.22620485093294912,0.6325000000000001,0.009190545658086148,0.38072631947598096,0.09999999999999998,0.5934510568535929,0.40830131733839314
30,0.10,0.50,0.2205804012137925,0.7324999999999999,0.004725931422534845,0.3647561600476089,0.2375,0.5232882829955364,0.3354318798370841
35,0.10,0.50,0.1887700923240601,0.625,0.012666259162400195,0.3537654442312147,0.2625,0.6249096819078753,0.4158487323008152
5,0.40,0.10,0.14556152246612794,0.8,0.0011962783455734777,1.1404938257873984,0.2375,0.42095004598094315,0.4820070520734615
10,0.40,0.10,0.14685614339588735,0.7649999999999999,0.0017157355006258812,0.5703146783169367,0.3125,0.4058209839151539,0.3514598332369846
15,0.40,0.10,0.13757334931503068,0.7825000000000001,0.0018435152374819304,0.7245138181241716,0.275,0.43357345032771344,0.3914418432596563
20,0.40,0.10,0.1320126395266577,0.7575,0.0025187212924843534,0.571751350112254,0.26249999999999996,0.4642597445655948,0.37286887002141267
25,0.40,0.10,0.13331198124426613,0.7575000000000001,0.002345953381627754,0.621286234262557,0.3,0.4630984461787258,0.3801901602220188
30,0.40,0.10,0.12670919034595432,0.64,0.00431924147980328,0.7389147514403638,0.225,0.5480418619405427,0.4375948954055483
35,0.40,0.10,0.12604323323937766,0.7549999999999999,0.003666296520068587,0.778826415769366,0.275,0.5117399954560108,0.4162322079178858
5,0.30,0.10,0.05840294104031676,0.12250000000000001,0.03272720481844767,5.269508058188178,0.16249999999999998,0.9572905170393866,0.7934927382685821
10,0.30,0.10,0.13910209077452676,0.7950000000000002,0.0016638856936492259,0.780997388563733,0.3,0.41492943859120707,0.4237416268165994
15,0.30,0.10,0.13472836035139898,0.7525000000000001,0.0028652327919555846,0.6081610510278341,0.31249999999999994,0.45201005830959434,0.38224460650667724
20,0.30,0.10,0.13015883803864553,0.7625,0.002479994149112464,0.6446771294097337,0.2875,0.4637270715315903,0.40986440835139
25,0.30,0.10,0.13648340148563212,0.75,0.003415648764782417,0.7725570978491263,0.175,0.5326376354539046,0.46702897149318756
30,0.30,0.10,0.12821145064169087,0.7575000000000001,0.002792560024546603,0.684898724030219,0.2875,0.4947181328382094,0.39991705107092984
35,0.30,0.10,0.10390157211013326,0.7300000000000001,0.0036962267384843734,0.7573851830161678,0.3125,0.5568777337094012,0.4037694208252354
5,0.10,0.40,0.1692288692093335,0.6900000000000001,0.005406561610261098,1.3689170411215625,0.225,0.7146379800435287,0.5530848613119853
10,0.10,0.40,0.17545817381180723,0.7050000000000001,0.005323623344213742,0.6331853282936418,0.14999999999999997,0.6354066675559877,0.49211966354593956
15,0.10,0.40,0.2200182220504901,0.6799999999999999,0.009257220332656907,0.4710500821554816,0.2,0.5929041180763834,0.4102342036167987
20,0.10,0.40,0.19317408140195466,0.7274999999999999,0.00830612663270382,0.4272118703008555,0.2375,0.5844123990294905,0.3650995449542657
25,0.10,0.40,0.19752338929717167,0.6825,0.009741644465338413,0.4178973316833998,0.225,0.55806842010251,0.38756137309539074
30,0.10,0.40,0.21059582890057021,0.6225,0.010007501815894658,0.3679607638709215,0.225,0.5700581927700143,0.4245362462135911
35,0.10,0.40,0.20757103622853879,0.7175000000000001,0.004916983074940968,0.3720665669912172,0.2375,0.49266272177784726,0.32334546821576426
5,0.40,0.30,0.23824587521198737,0.7350000000000001,0.0031155729036894354,0.4174228126526317,0.25,0.39930782787139546,0.3260737107394817
10,0.40,0.30,0.21484307042472514,0.7375,0.0018204993573798117,0.35170819076423776,0.2875,0.4516150992920941,0.2924789716612902
15,0.40,0.30,0.19597853928558734,0.715,0.003508031882105917,0.35233914554665546,0.2375,0.48924561121645127,0.31103240435677687
20,0.40,0.30,0.20608351933442798,0.7375,0.004057238672800654,0.34932216730427784,0.18749999999999997,0.5213811914759107,0.29533218266359335
25,0.40,0.30,0.19415786738593888,0.6599999999999999,0.005984716856763019,0.36932581352362853,0.2125,0.5263756439639943,0.34983349274825104
30,0.40,0.30,0.19386910612014258,0.7000000000000001,0.005233753226300547,0.3965042814231447,0.2875,0.514270015394134,0.32597428134220446
35,0.40,0.30,0.1887660823370707,0.7025,0.006567199146175743,0.3501179501148374,0.325,0.551845293311173,0.37808473945766874
5,0.30,0.30,0.1927414628518705,0.6649999999999999,0.006008488869462954,0.8461893000357629,0.25,0.5901981246513665,0.44672842884052877
10,0.30,0.30,0.21718948499504162,0.745,0.002949027020708257,0.3903707410514573,0.275,0.44540376916543023,0.29911131595046025
15,0.30,0.30,0.2164431405890163,0.7525000000000001,0.0036051280843845237,0.34966450190455534,0.275,0.4377091643795607,0.27978028659368936
20,0.30,0.30,0.18331579545748422,0.7224999999999999,0.003239218887882982,0.34097793054142517,0.325,0.5089525941360797,0.3409903771777695
25,0.30,0.30,0.18942477678603606,0.6725000000000001,0.005499607637106254,0.35453139802264616,0.25,0.5321209941002575,0.3624361768918016
30,0.30,0.30,0.19474792461649118,0.735,0.004287959077193479,0.35413666292067686,0.2375,0.49650683556412983,0.35167424652964663
35,0.30,0.30,0.18143874581372052,0.7374999999999999,0.00535815955301268,0.4012534040735624,0.3125,0.537532442982114,0.35776043422180226
5,0.10,0.60,0.2517731160960645,0.66,0.006370715246822423,0.5992325767500171,0.27499999999999997,0.625552302579302,0.38211278714673946
10,0.10,0.60,0.24641620839098746,0.6050000000000001,0.008195788750560734,0.4488587584537099,0.275,0.590858423000008,0.3580661065730559
15,0.10,0.60,0.2419637357561037,0.6900000000000001,0.008215465023658282,0.37620171711511163,0.21249999999999997,0.5315509280070478,0.34577004664891065
20,0.10,0.60,0.24863861598013823,0.7024999999999999,0.009527956637908914,0.36493895403576193,0.23749999999999996,0.5730335301499985,0.34544468450082133
25,0.10,0.60,0.2256538493347076,0.6825,0.007477012523636242,0.3774984349518534,0.2625,0.5688938364129517,0.3553626397497698
30,0.10,0.60,0.2161067893589627,0.595,0.011007026065367579,0.38757949576046696,0.2875,0.6393735494078394,0.3704712182728757
35,0.10,0.60,0.21765834922044505,0.7024999999999999,0.005183717524801722,0.3412277492245237,0.225,0.5012089013258222,0.3069783141802409
5,0.50,0.20,0.21534743876478749,0.7575,0.0011021338618280438,0.43617572459803444,0.175,0.33728899386765515,0.324211675877152
10,0.50,0.20,0.19051950166054005,0.76,0.0016907407868319954,0.371061459393543,0.275,0.4001304019145839,0.31345689861736836
15,0.50,0.20,0.18832141593628948,0.755,0.0034692950993650113,0.3933867120903526,0.2875,0.460483005148505,0.3185324110457821
20,0.50,0.20,0.17836003212383408,0.7375,0.0021856464749911908,0.43051528531370653,0.175,0.4572380163736874,0.3484194602548406
25,0.50,0.20,0.17368506574047574,0.7224999999999999,0.0037076013014788215,0.4429193131527798,0.3125,0.5120475800300699,0.35810180246726914
30,0.50,0.20,0.17821057275062646,0.74,0.003946158606105077,0.41498816408971473,0.275,0.44364376984092624,0.34907147505606595
35,0.50,0.20,0.17427920682692039,0.74,0.00565397889916631,0.43125263127328334,0.25,0.5426962661692928,0.3785023667153108
5,0.20,0.20,0.07450808344707216,0.3625,0.021188959590804426,3.7373460571357975,0.1125,0.9286674755662145,0.7591005638169628
10,0.20,0.20,0.1665455187434261,0.7350000000000001,0.004310528225577707,0.9818392801649672,0.09999999999999998,0.5493458635182846,0.48338946519358855
15,0.20,0.20,0.17940812609078166,0.6825,0.0028429095753443744,0.5420706146307592,0.3125,0.4305211545043764,0.33905154521979536
20,0.20,0.20,0.17845172624830433,0.76,0.00164217639317745,0.43047227253822296,0.25,0.4299744471334105,0.35801662412520824
25,0.20,0.20,0.18524783530451203,0.7575000000000001,0.004359539532814725,0.4255742054694015,0.25,0.4500664090496092,0.33832122414566396
30,0.20,0.20,0.16248755992467417,0.785,0.00477638001717946,0.4784218376169524,0.2625,0.47683411775404727,0.3881703455968642
35,0.20,0.20,0.16569757648840422,0.7449999999999999,0.0027827620782690556,0.4178834114463633,0.275,0.4779909847709762,0.37277555718142785
5,0.10,0.70,0.260021819868932,0.665,0.005735403885899827,0.5003959209634852,0.225,0.6090277695146963,0.34198530700884333
10,0.10,0.70,0.23642665158676132,0.665,0.007499173695917194,0.36380729481114515,0.21249999999999997,0.5901968716723922,0.3833766643295048
15,0.10,0.70,0.22705942130841472,0.6,0.01106728409376909,0.38038332036833944,0.25,0.6501571941587423,0.43024106820430835
20,0.10,0.70,0.2570095283929562,0.6149999999999999,0.009168892584646324,0.386714943045519,0.2625,0.5748014632300559,0.3089230512326294
25,0.10,0.70,0.25049403837069806,0.6775,0.010096579363663954,0.34894220656443664,0.2375,0.5809476248833259,0.3386706576012598
30,0.10,0.70,0.2454308013918586,0.6699999999999999,0.0086101562722794,0.3239999095235969,0.2375,0.5908406363353607,0.36163990409067664
35,0.10,0.70,0.2272006649452014,0.5925,0.009190324368830285,0.3229209250125912,0.2,0.5842685819795455,0.36806949140348477
5,0.20,0.30,0.13997231604917312,0.5875,0.007517344613000213,1.4483011889683122,0.08749999999999998,0.8064198886873779,0.6327642628263317
10,0.20,0.30,0.1903462866281763,0.7550000000000001,0.005057766886718074,0.6586331010538244,0.16249999999999998,0.5535669081315485,0.4109574430717691
15,0.20,0.30,0.2147437784936736,0.7425,0.002938965374477037,0.40109442427668285,0.19999999999999998,0.471659139416738,0.3488283571755761
20,0.20,0.30,0.18000854955118795,0.72,0.004320258742229025,0.3884982664470817,0.2625,0.4852985968302116,0.3214966586975849
25,0.20,0.30,0.19320649979051802,0.7425,0.002204284803209671,0.36412078446234064,0.25,0.5080933180526126,0.34252297609118826
30,0.20,0.30,0.18746674583206524,0.6875,0.006670807793364528,0.4009703004009437,0.2625,0.5311681971762775,0.3498776462873251
35,0.20,0.30,0.19486314551973866,0.72,0.0038138242782851757,0.3581155034745435,0.2375,0.4949517768828845,0.36422100721777134
5,0.50,0.30,0.2362577985200749,0.74,0.0017195345958360658,0.382169158615148,0.24999999999999994,0.3711082136193733,0.29992186671658955
10,0.50,0.30,0.20889055034248244,0.7325,0.002301826293356465,0.35069779117518585,0.2875,0.4029464694013102,0.2717437672408624
15,0.50,0.30,0.20375594159053648,0.685,0.0024185088345229097,0.3826751279947072,0.25,0.47479128363740986,0.3016301428824324
20,0.50,0.30,0.20779740759648518,0.7,0.005101780453629432,0.4012589033001424,0.275,0.5072863043419071,0.31515633006093546
25,0.50,0.30,0.20351929900880045,0.74,0.003227002683623146,0.36860454380149027,0.3,0.495060898737946,0.3008001611971717
30,0.50,0.30,0.20658248768627607,0.7074999999999999,0.003354233320297849,0.39574342858743616,0.2375,0.46910657553138585,0.3350890633943412
35,0.50,0.30,0.2074419026806133,0.685,0.006369009524970227,0.3489964551658413,0.2875,0.5390072984263742,0.32668722318749455
5,0.30,0.20,0.1335186309662038,0.6849999999999999,0.0063769056121754835,1.8784668699282814,0.14999999999999997,0.725026525958027,0.607660418439838
10,0.30,0.20,0.19479941399817152,0.775,0.0013508047114311104,0.41725214370289676,0.3,0.3827566108574052,0.33256193653468685
15,0.30,0.20,0.17797929406071367,0.7499999999999999,0.003667613056859192,0.3935802965662716,0.2875,0.43412238903376854,0.32642292012188545
20,0.30,0.20,0.167839265488232,0.74,0.004320062161834276,0.3950218206004809,0.275,0.48986866536414037,0.3389307066479661
25,0.30,0.20,0.16963290866838063,0.7375,0.003925802535890845,0.38201297534903145,0.2875,0.5020436614805235,0.3673823922792276
30,0.30,0.20,0.17684949664139216,0.775,0.002914912604162391,0.4361230798932433,0.275,0.4983953059682243,0.35175618839526884
35,0.30,0.20,0.15638198632632022,0.7550000000000001,0.004100347402528051,0.47241426705658685,0.2375,0.4892567586363804,0.38978391746957675
5,0.40,0.20,0.19799987394614754,0.7675000000000001,0.001397187846944503,0.7019592934204256,0.2375,0.3787608753735494,0.3594912373737912
10,0.40,0.20,0.18025893553336192,0.755,0.003625695387117058,0.36134734814514513,0.3125,0.41521991029796856,0.3030713722157536
15,0.40,0.20,0.17858049289624725,0.7550000000000001,0.0026094730754478808,0.41057948996685945,0.2875,0.45607451523872616,0.3267738932203955
20,0.40,0.20,0.1706571541523845,0.74,0.003916321906540867,0.41620382594115435,0.2875,0.448416901225447,0.3089388635735897
25,0.40,0.20,0.16646441342476387,0.7375,0.004426012101667232,0.44619619707342634,0.2375,0.5120989687828243,0.36992310239721304
30,0.40,0.20,0.17072217488286934,0.7375,0.004191000353814228,0.408035240390058,0.2625,0.531208541060702,0.370242100697356
35,0.40,0.20,0.17460355853814408,0.7175,0.003725070675243069,0.42969171729826067,0.2375,0.4878999307598379,0.35317973891316334
